ndvi_4_month,ndvi_5_month,ndvi_6_month,ndvi_7_month,ndvi_8_month,elevation_contour,soil_name_Аллювиальные луговые тугайных лесов и кустарников,soil_name_Горно-долинные каштановые и темно-каштановые,"soil_name_Горно-долинные светло-каштановые, местами в сочетании с лугово-светло-каштановыми слабозасоленными",soil_name_Горные светло-каштановые,soil_name_Комплекс лугово-сероземных и сероземно-луговых солончаковатых (25-30%) и солонцеватых (25-30%),"soil_name_Комплекс сероземно-луговых и луговых (сазовых) солончаковатых (15-30%) и солонцеватых (15-30%), местами вторично засоленных",soil_name_Лугово-сероземные в сочетании с сероземами северными (малокарбонатными) обыкновенными,soil_name_Луговые и лугово-болотные,"soil_name_Сероземно-луговые, местами солончаковатые",soil_name_Сероземы северные (малокарбонатные) обыкновенные,soil_name_Сероземы северные (малокарбонатные) светлые вторично засоленные и заболоченные,"soil_name_Сероземы северные (малокарбонатные) светлые, местами слабо- и среднесолончаковатые",district_name_Chui district,district_name_Kemin district,district_name_Moskva district,district_name_Panfilov district,district_name_Sokuluk district,district_name_Yssyk-Ata district,district_name_Zhayil district,target
0.26525000000000004,0.337,0.1115,0.20450000000000002,0.234,627,False,False,False,False,False,False,False,False,True,False,False,False,False,False,False,False,False,False,False,1
-0.016599999999999997,0.014749999999999997,0.030400000000000003,0.079,0.12020000000000002,724,False,False,False,False,False,False,False,False,False,True,False,False,False,False,False,False,False,False,True,2
0.17525,0.31,0.19574999999999998,0.09300000000000001,-0.006249999999999999,626,False,False,False,False,False,False,False,False,True,False,False,False,False,False,False,False,False,False,False,2
-0.01075,-0.00875,0.09175,0.18175,0.167,674,False,False,False,False,False,False,False,False,True,False,False,False,False,False,False,False,False,False,False,4
0.009,0.007750000000000002,0.02075,0.06575,0.10075,626,False,False,False,False,False,False,False,False,True,False,False,False,False,False,False,False,False,False,False,4
0.06325,0.15025,0.08174999999999999,-0.006249999999999992,-0.014999999999999996,1170,False,True,False,False,False,False,False,False,False,False,False,False,False,False,False,False,False,False,False,3
0.1155,0.3032,-0.004999999999999993,-0.024999999999999994,-0.007750000000000002,587,False,False,False,False,False,False,False,False,False,False,False,True,False,False,False,False,False,False,True,1
0.04,0.11325000000000002,0.05475,0.020500000000000004,-0.01025,618,False,False,False,False,False,False,False,False,True,False,False,False,False,False,False,False,True,False,False,3
0.12925,0.294,0.19799999999999998,0.19675,0.046,715,False,False,False,False,False,False,False,False,False,True,False,False,False,False,False,True,False,False,False,1
-0.009500000000000001,0.13675,0.17650000000000002,0.19625,0.31125,649,False,False,False,False,False,True,False,False,False,False,False,False,False,False,True,False,False,False,False,4
-0.019250000000000003,0.013,0.045499999999999985,0.08425,0.22125,1078,False,False,False,False,False,False,False,False,False,True,False,False,True,False,False,False,False,False,False,6
-0.02,0.04825,0.047599999999999996,-0.023999999999999997,-0.019200000000000002,603,False,False,False,False,False,False,False,False,False,False,False,True,False,False,False,False,False,False,True,3
-0.023500000000000004,0.09899999999999999,0.221,0.30625,0.322,669,False,False,False,False,False,True,False,False,False,False,False,False,False,False,False,False,True,False,False,5
-0.013,0.006500000000000002,0.1365,0.18949999999999997,0.20049999999999998,733,False,False,False,False,False,False,False,False,False,True,False,False,False,False,False,False,False,True,False,2
0.025500000000000002,0.24574999999999997,0.10600000000000001,-0.0015000000000000013,-0.03475,742,False,False,False,False,False,False,False,False,False,True,False,False,False,False,True,False,False,False,False,5
0.024499999999999994,0.132,0.03875,-0.023499999999999997,-0.018500000000000003,576,False,False,False,False,False,False,False,False,False,False,True,False,False,False,False,False,True,False,False,3
0.006750000000000001,0.0495,0.015250000000000003,0.013500000000000002,0.011,705,False,False,False,False,False,False,False,True,False,False,False,False,False,False,False,True,False,False,False,1
-0.0012500000000000011,0.092,0.11225000000000002,0.058,0.06325,672,False,False,False,False,False,False,False,False,True,False,False,False,False,False,False,False,False,True,False,4
-0.005499999999999998,-0.0014999999999999944,0.21450000000000002,0.24824999999999997,0.18450000000000003,608,False,False,False,False,False,False,False,False,False,False,True,False,False,False,False,False,True,False,False,6
0.03975,0.058750000000000004,0.09275,0.009750000000000002,-0.004999999999999994,593,False,False,False,False,False,False,False,False,False,False,True,False,False,False,False,False,True,False,False,5
-0.0018750000000000004,0.009250000000000001,0.016749999999999998,0.021,0.02425,734,False,False,False,False,False,False,False,False,False,False,False,False,False,False,False,False,False,True,False,6
0.022000000000000006,0.12050000000000002,0.0395,0.08750000000000001,0.045,619,False,False,False,False,False,True,False,False,False,False,False,False,False,False,True,False,False,False,False,1
0.034499999999999996,0.04125,0.1585,0.11700000000000002,0.23,1001,False,False,False,False,False,False,False,False,False,True,False,False,False,True,False,False,False,False,False,2
0.011599999999999996,0.18400000000000002,0.1484,0.07160000000000001,-0.028600000000000004,717,False,False,False,False,False,False,False,False,False,True,False,False,False,False,False,False,False,False,True,2
-0.030200000000000005,-0.009166666666666668,0.0722,0.102625,0.12325,589,False,False,False,False,False,False,False,False,False,False,False,True,False,False,False,False,False,False,True,2
0.0695,0.04525,0.10099999999999999,0.10450000000000001,0.07675,770,False,False,False,False,True,False,False,False,False,False,False,False,True,False,False,False,False,False,False,5
0.0024999999999999988,0.00875,0.1085,0.21475000000000002,0.22825,667,False,False,False,False,False,True,False,False,False,False,False,False,False,False,True,False,False,False,False,2
-0.008749999999999999,0.10500000000000001,0.03900000000000001,0.000499999999999997,-0.013000000000000001,637,False,False,False,False,False,False,False,False,True,False,False,False,False,False,False,False,False,False,False,1
0.005249999999999998,-0.007999999999999997,0.08025,0.15450000000000003,0.14150000000000001,953,False,False,True,False,False,False,False,False,False,False,False,False,False,False,True,False,False,False,False,4
-0.012199999999999999,0.022999999999999996,-0.0284,-0.035500000000000004,-0.03775,593,False,False,False,False,False,False,False,False,False,False,False,True,False,False,False,False,False,False,True,3
0.02875,0.23224999999999998,0.10475000000000001,-0.028249999999999997,-0.026750000000000003,769,False,False,False,False,False,False,False,False,False,True,False,False,False,False,False,False,True,False,False,2
-0.005500000000000001,-0.005250000000000001,0.009750000000000002,0.10700000000000001,0.37375,685,False,False,False,False,False,False,False,False,False,True,False,False,False,False,False,True,False,False,False,6
0.19625000000000004,0.085,0.235,0.20025,0.12025000000000001,697,False,False,False,False,False,False,False,False,False,True,False,False,False,False,False,False,True,False,False,1
0.04575,0.11500000000000002,0.0775,0.065,0.0995,658,False,False,False,False,False,True,False,False,False,False,False,False,False,False,True,False,False,False,False,2
-0.0022499999999999994,0.00225,0.00575,0.01125,0.02325,868,False,False,False,False,False,False,False,False,False,True,False,False,True,False,False,False,False,False,False,3
-0.012000000000000004,0.032,0.14450000000000002,0.20125,0.32025000000000003,703,False,False,False,False,False,False,False,False,False,True,False,False,False,False,False,False,True,False,False,4
-0.011500000000000002,0.020999999999999998,0.0925,0.16874999999999998,0.16999999999999998,703,False,False,False,False,False,False,False,False,False,True,False,False,False,False,False,False,True,False,False,4
0.08675000000000001,0.30774999999999997,0.057999999999999996,0.0955,0.25875,729,False,False,False,False,False,False,False,False,False,True,False,False,False,False,True,False,False,False,False,1
0.0,0.008500000000000004,0.061,-0.009750000000000002,-0.02525,707,False,False,False,False,False,False,False,False,False,True,False,False,False,False,False,True,False,False,False,3
0.005499999999999996,0.04375,0.13799999999999998,0.18575,0.10075,636,False,False,False,False,False,False,False,False,True,False,False,False,False,False,False,False,False,False,False,5
-0.0007499999999999998,0.00875,0.035750000000000004,0.010000000000000002,0.048,763,False,False,False,False,True,False,False,False,False,False,False,False,True,False,False,False,False,False,False,5
-0.014500000000000002,0.0495,0.09625,0.1525,0.187,791,False,False,True,False,False,False,False,False,False,False,False,False,False,False,True,False,False,False,False,6
0.23400000000000004,0.23475000000000001,0.175,0.07975,0.021500000000000002,687,False,False,False,False,False,False,False,False,False,False,False,False,False,False,False,False,False,True,False,3
0.065,0.28475000000000006,0.187,0.06999999999999999,0.032,630,False,False,False,False,False,True,False,False,False,False,False,False,False,False,False,False,False,False,True,5
0.028499999999999998,0.198,0.153,0.21825,0.14425,1144,False,True,False,False,False,False,False,False,False,False,False,False,False,False,False,False,False,False,False,1
-0.018500000000000003,0.0525,0.15375000000000003,0.044000000000000004,0.06999999999999999,1083,False,False,False,False,False,False,False,False,False,True,False,False,False,True,False,False,False,False,False,2
-0.005000000000000001,-0.006499999999999997,0.02025,0.036000000000000004,0.11000000000000001,646,False,False,False,False,False,True,False,False,False,False,False,False,False,False,False,False,False,False,True,2
-0.008499999999999994,0.18319999999999997,-0.0134,-0.0886,-0.04375,605,False,False,False,False,False,False,False,False,True,False,False,False,False,False,False,False,False,False,True,3
-0.0002500000000000002,0.0462,0.0862,0.1795,0.39587500000000003,717,False,False,False,False,False,False,False,False,False,True,False,False,False,False,False,False,False,False,True,2
-0.015499999999999998,-0.01025,0.017499999999999995,0.06874999999999999,0.08075,625,False,False,False,False,False,False,False,False,True,False,False,False,False,False,False,False,True,False,False,3
-0.0010000000000000009,0.059,0.116,0.04000000000000001,-0.009000000000000008,663,False,False,False,False,False,True,False,False,False,False,False,False,False,False,False,True,False,False,False,5
0.14125000000000001,0.2565,0.14625,0.0745,0.18225000000000002,627,False,False,False,False,False,False,False,False,True,False,False,False,False,False,False,False,False,False,False,1
0.08625,0.11775000000000001,0.06875,0.0017500000000000016,0.0022500000000000003,687,False,False,False,False,False,True,False,False,False,False,False,False,False,False,False,False,True,False,False,2
0.0905,0.08700000000000001,0.06149999999999999,0.036000000000000004,0.21275000000000002,1147,False,False,True,False,False,False,False,False,False,False,False,False,True,False,False,False,False,False,False,2
-0.0025000000000000005,0.015000000000000001,0.06175,0.13075,0.17725000000000002,627,False,False,False,False,False,False,False,False,True,False,False,False,False,False,False,False,False,False,False,2
-0.015250000000000003,0.018000000000000002,-0.008500000000000008,0.07625,0.3445,615,False,False,False,False,False,False,True,False,False,False,False,False,False,False,False,False,True,False,False,6
-0.0166,0.0512,0.163,0.145875,-0.019000000000000003,717,False,False,False,False,False,False,False,False,False,True,False,False,False,False,False,False,False,False,True,2
-0.0021666666666666687,-0.016,0.0192,0.13075,0.22250000000000003,724,False,False,False,False,False,False,False,False,False,True,False,False,False,False,False,False,False,False,True,3
0.048,0.299,0.308,-0.0015000000000000013,-0.03075,1221,False,False,False,True,False,False,False,False,False,False,False,False,False,False,False,False,False,False,False,3
-0.007499999999999998,0.042,-0.0077499999999999965,-0.0165,-0.02,1002,False,False,False,False,False,False,False,False,False,True,False,False,False,True,False,False,False,False,False,5
0.06575,0.17475,0.05449999999999999,0.003499999999999996,-0.013749999999999998,584,False,False,False,False,False,False,False,False,False,False,True,False,False,False,False,False,True,False,False,3
0.18625,0.16125000000000003,0.08800000000000001,0.11075,0.11175,623,False,False,False,False,False,False,False,False,True,False,False,False,False,False,False,False,False,False,False,6
0.062,0.13575,0.0175,0.013000000000000001,-0.010750000000000003,584,False,False,False,False,False,False,False,False,False,False,True,False,False,False,False,False,True,False,False,3
0.0062499999999999995,0.008749999999999999,0.05775,0.0835,0.09375000000000001,708,True,False,False,False,False,False,False,False,False,False,False,False,False,False,False,False,True,False,False,2
0.14600000000000002,0.26,0.17275000000000001,0.22850000000000004,0.14625,633,False,False,False,False,False,False,False,False,True,False,False,False,False,False,False,False,False,False,False,1
0.0105,0.034999999999999996,0.01275,0.0017500000000000007,-0.00475,763,False,False,True,False,False,False,False,False,False,False,False,False,False,False,False,False,False,True,False,3
-0.00275,0.0005000000000000004,0.031,0.048,0.051500000000000004,686,False,False,False,False,False,False,False,False,False,False,False,True,False,False,False,False,True,False,False,2
0.027,0.07100000000000001,0.018750000000000003,0.008749999999999999,-0.0022500000000000003,596,False,False,False,False,False,False,False,False,False,False,True,False,False,False,False,False,True,False,False,3
0.14175,0.180375,0.160375,-0.01925,-0.020499999999999997,704,False,False,False,False,False,False,False,False,False,False,False,False,False,False,False,False,False,True,False,2
-0.0335,0.0265,0.03925000000000002,0.18949999999999997,0.4035,1001,False,False,False,False,False,False,False,False,False,True,False,False,False,True,False,False,False,False,False,4
-0.015249999999999996,0.04000000000000001,0.19,0.2655,0.26525,738,False,False,False,False,False,False,False,False,False,True,False,False,False,False,False,False,False,True,False,4
0.1905,0.39775,0.13524999999999998,-0.01149999999999999,-0.033,664,False,False,False,False,False,False,True,False,False,False,False,False,False,False,False,False,True,False,False,3
0.014750000000000003,0.15775,0.168625,0.03125000000000001,-0.0037500000000000033,713,False,False,False,False,False,False,False,False,False,False,False,False,False,False,False,False,False,True,False,5
-0.012249999999999997,0.046750000000000014,0.15500000000000003,0.26549999999999996,0.274,671,False,False,False,False,False,True,False,False,False,False,False,False,False,False,False,False,True,False,False,4
-0.02275,-0.0306,-0.0466,-0.04820000000000001,0.0036249999999999963,606,False,False,False,False,False,False,False,False,False,False,False,True,False,False,False,False,False,False,True,3
0.25849999999999995,0.48350000000000004,0.20450000000000002,0.012250000000000004,-0.03425000000000001,729,False,False,False,False,False,False,False,False,False,True,False,False,False,False,True,False,False,False,False,3
-0.0012500000000000002,0.009,0.06375,0.043500000000000004,0.051000000000000004,1497,False,False,False,True,False,False,False,False,False,False,False,False,False,True,False,False,False,False,False,6
0.005750000000000002,0.02825,0.08975,0.27075000000000005,0.3365,621,False,False,False,False,False,False,False,False,True,False,False,False,False,False,False,False,False,False,False,6
0.030250000000000003,0.1545,0.09025000000000001,0.038,0.0020000000000000018,658,False,False,False,False,False,False,True,False,False,False,False,False,False,False,False,False,True,False,False,3
0.185,0.0995,-0.006749999999999999,-0.011500000000000002,-0.01925,628,False,False,False,False,False,False,False,False,True,False,False,False,False,False,False,False,False,False,False,3
0.045599999999999995,0.1805,0.0262,-0.0634,-0.04460000000000001,605,False,False,False,False,False,False,False,False,True,False,False,False,False,False,False,False,False,False,True,6
0.012999999999999998,0.07525,0.07175,0.003250000000000001,-0.0002500000000000002,939,False,False,True,False,False,False,False,False,False,False,False,False,False,False,False,False,False,False,False,1
0.023250000000000003,0.09725000000000002,0.09,0.0030000000000000027,-0.0295,1077,False,False,False,False,False,False,False,False,False,True,False,False,False,True,False,False,False,False,False,5
-0.011250000000000003,0.01225,-0.00575,0.0077499999999999965,0.033499999999999995,892,False,False,False,False,False,False,False,False,False,True,False,False,True,False,False,False,False,False,False,4
-0.003999999999999997,0.32125,0.32125,0.279,0.08850000000000001,630,False,False,False,False,False,False,False,False,True,False,False,False,False,False,False,False,False,False,False,6
0.04575,0.15325,0.129,0.07250000000000001,0.087,599,False,False,False,False,False,False,False,False,False,False,True,False,False,False,False,False,True,False,False,1
-0.014750000000000003,0.01275,0.028750000000000005,0.09125,0.20125,982,False,False,False,False,False,False,False,False,False,True,False,False,False,True,False,False,False,False,False,4
0.0045000000000000005,0.00725,0.01475,0.003999999999999999,-0.0002500000000000002,897,False,False,True,False,False,False,False,False,False,False,False,False,False,False,False,False,False,False,False,3
0.01125,0.03825,0.0055,0.002,-0.0012500000000000011,596,False,False,False,False,False,False,False,False,False,False,True,False,False,False,False,False,True,False,False,3
0.07700000000000001,0.23825000000000002,0.08,0.015500000000000007,-0.015250000000000003,740,False,False,False,False,False,False,False,False,False,True,False,False,False,False,True,False,False,False,False,3
-0.007999999999999997,-0.0014999999999999944,0.017999999999999995,0.1025,0.10875,678,False,False,False,False,False,False,False,False,False,False,False,False,False,False,False,False,False,True,False,2
0.2725,0.31575,0.09125,0.012499999999999997,-0.023499999999999997,672,False,False,False,False,False,False,False,False,True,False,False,False,False,False,False,False,False,False,False,4
-0.0052,0.025750000000000002,0.0228,-0.0042,-0.0112,784,False,False,True,False,False,False,False,False,False,False,False,False,False,False,False,False,False,False,True,5
-0.012,-0.006500000000000002,0.06475,0.153,0.14225,671,False,False,False,False,False,False,False,False,True,False,False,False,False,False,False,False,False,False,False,4
0.009500000000000001,0.144,0.097,-0.015500000000000007,-0.01725000000000001,654,False,False,False,False,False,True,False,False,False,False,False,False,False,False,False,True,False,False,False,5
-0.02075,0.1225,0.07100000000000001,0.10949999999999999,0.27175,652,False,False,False,False,False,True,False,False,False,False,False,False,False,False,True,False,False,False,False,6
-0.012750000000000004,0.12525,0.13725,0.24849999999999997,0.3835,696,False,False,False,False,False,False,False,False,False,True,False,False,False,False,False,False,True,False,False,4
0.002250000000000002,0.33475,0.19,0.06299999999999999,0.012000000000000004,664,False,False,False,False,False,False,False,False,True,False,False,False,False,False,False,False,False,False,False,4
0.0015000000000000005,0.009750000000000002,0.043000000000000003,0.044500000000000005,0.053500000000000006,687,True,False,False,False,False,False,False,False,False,False,False,False,False,False,False,False,True,False,False,2
0.04625,0.1055,0.1,0.04575,0.0020000000000000018,687,False,False,False,False,False,False,False,False,False,False,False,False,False,False,False,False,False,True,False,3
-0.0009999999999999992,0.0635,0.09050000000000001,0.0022500000000000003,-0.0035000000000000014,746,False,False,False,False,False,False,False,False,False,True,False,False,False,False,True,False,False,False,False,5
0.30925,0.44125000000000003,0.33475,0.40775,0.32825000000000004,1144,False,True,False,False,False,False,False,False,False,False,False,False,False,False,False,False,False,False,False,1
0.0325,0.06024999999999999,-0.011750000000000003,-0.026250000000000002,-0.03275,684,False,False,False,False,False,False,False,False,False,False,False,True,False,False,False,False,False,False,False,5
-0.009999999999999998,0.362,0.06475,-0.045000000000000005,-0.04825,654,False,False,False,False,False,False,False,False,False,False,False,True,False,False,False,False,False,False,False,5
-0.0382,-0.0258,-0.009600000000000001,-0.023750000000000007,-0.0455,606,False,False,False,False,False,False,False,False,True,False,False,False,False,False,False,False,False,False,True,5
0.0012500000000000002,0.0105,0.016,0.001,-0.0032500000000000003,1024,False,False,True,False,False,False,False,False,False,False,False,False,False,True,False,False,False,False,False,5
0.004,0.024000000000000004,0.00875,0.004750000000000001,0.016,770,False,False,True,False,False,False,False,False,False,False,False,False,False,False,False,False,False,True,False,4
0.05625,0.14100000000000001,0.09775,0.11950000000000001,0.04575,711,False,False,False,False,False,False,False,False,True,False,False,False,False,False,False,False,True,False,False,1
0.0005000000000000004,0.03425,0.085,0.13699999999999998,0.2115,644,False,False,False,False,False,True,False,False,False,False,False,False,False,False,True,False,False,False,False,6
-0.0002500000000000002,0.061000000000000006,0.026249999999999996,-0.0285,-0.03200000000000001,638,False,False,False,False,False,False,False,False,True,False,False,False,False,False,False,True,False,False,False,5
-0.0025000000000000022,0.005750000000000002,0.035500000000000004,0.08,0.1525,678,False,False,False,False,False,False,False,False,False,False,False,False,False,False,False,False,False,True,False,2
-0.004750000000000001,0.034249999999999996,0.142,0.22575000000000003,0.21725000000000003,664,False,False,False,False,False,False,False,False,True,False,False,False,False,False,False,False,False,False,False,2
0.015499999999999998,0.07225,0.0985,0.017499999999999995,-0.018749999999999996,742,False,False,False,False,False,False,False,False,False,True,False,False,False,False,True,False,False,False,False,5
-0.0032500000000000003,0.005750000000000001,0.003999999999999999,0.018000000000000002,0.039,951,False,False,False,False,False,False,False,False,False,True,False,False,True,False,False,False,False,False,False,4
0.009,0.094,0.08575,0.04575,0.029249999999999998,645,False,False,False,False,False,True,False,False,False,False,False,False,False,False,True,False,False,False,False,5
0.03775,0.012000000000000004,0.04925,0.11725000000000002,0.11600000000000002,700,False,False,False,False,False,False,False,False,False,True,False,False,False,False,False,False,True,False,False,4
-0.009999999999999998,-0.006499999999999995,0.12725,0.26625,0.2575,615,False,False,False,False,False,False,True,False,False,False,False,False,False,False,False,False,True,False,False,6
0.09925,0.258,0.1044,-0.030000000000000006,-0.024375,723,False,False,False,False,False,False,False,False,False,True,False,False,False,False,False,False,False,False,True,3
0.01175,0.0095,0.03375,0.01175,0.043,985,False,False,False,False,False,False,False,False,False,True,False,False,False,True,False,False,False,False,False,2
0.060000000000000005,0.07550000000000001,0.038,0.0405,0.0245,687,True,False,False,False,False,False,False,False,False,False,False,False,False,False,False,False,True,False,False,4
-0.0009999999999999992,0.051250000000000004,0.03175,0.0585,0.09525,716,False,False,False,False,False,False,False,False,False,True,False,False,False,False,True,False,False,False,False,3
0.0256,0.156,0.10040000000000002,0.12560000000000002,0.023799999999999998,742,False,False,False,False,False,False,False,False,False,True,False,False,False,False,False,False,False,False,True,1
-0.0015000000000000005,0.031,0.016,-0.00375,-0.0075,835,False,False,False,False,False,False,False,False,False,True,False,False,False,False,False,False,True,False,False,5
-0.004749999999999999,0.022250000000000002,0.047,0.07375,0.08125,826,False,False,True,False,False,False,False,False,False,False,False,False,False,False,True,False,False,False,False,2
-0.0092,0.015000000000000003,0.0608,0.20739999999999997,0.2152,712,False,False,False,False,False,False,False,False,False,True,False,False,False,False,False,False,False,False,True,4
0.0545,0.183,0.04325000000000001,-0.009000000000000008,-0.02099999999999999,626,False,False,False,False,False,True,False,False,False,False,False,False,False,False,True,False,False,False,False,3
0.014249999999999995,0.17439999999999997,-0.007400000000000006,-0.0818,-0.04025,605,False,False,False,False,False,False,False,False,True,False,False,False,False,False,False,False,False,False,True,6
0.0115,0.09025,0.168,-0.015625000000000003,-0.01525,713,False,False,False,False,False,False,False,False,False,False,False,False,False,False,False,False,False,True,False,5
0.059250000000000004,0.1635,0.0655,0.023250000000000007,-0.011250000000000003,698,False,False,False,False,False,False,False,False,False,True,False,False,False,False,False,False,True,False,False,3
0.015750000000000007,0.3612,0.31820000000000004,0.056400000000000006,0.027125000000000003,713,False,False,False,False,False,False,False,False,False,True,False,False,False,False,False,False,False,False,True,1
0.00625,0.0635,0.0755,0.005249999999999996,-0.0027499999999999972,716,False,False,False,False,False,False,False,False,False,True,False,False,False,False,True,False,False,False,False,5
-0.002000000000000001,0.01325,0.0205,0.007000000000000001,0.04075,1219,False,False,True,False,False,False,False,False,False,False,False,False,True,False,False,False,False,False,False,3
-0.0002500000000000002,0.131,0.18900000000000003,0.06999999999999999,-0.010499999999999999,1150,False,True,False,False,False,False,False,False,False,False,False,False,False,False,False,False,False,False,False,3
-0.014249999999999997,-0.005499999999999998,0.041,0.10525000000000001,0.14225000000000002,754,False,False,True,False,False,False,False,False,False,False,False,False,False,False,False,False,False,True,False,4
0.017000000000000005,0.0935,0.019249999999999996,-0.016750000000000004,-0.02425,594,False,False,False,False,False,False,False,False,False,False,False,True,False,False,True,False,False,False,False,6
-0.006750000000000001,0.01225,0.026249999999999996,0.12425,0.193,696,False,False,False,False,False,False,False,False,False,True,False,False,False,False,False,False,False,False,True,2
0.20975000000000002,0.3585,0.08675000000000001,-0.02149999999999999,-0.029250000000000012,654,False,False,False,False,False,True,False,False,False,False,False,False,False,False,False,False,True,False,False,1
-0.0004999999999999998,0.002,0.008,0.012,0.024750000000000005,751,False,False,True,False,False,False,False,False,False,False,False,False,False,False,False,True,False,False,False,2
0.0007499999999999989,0.00425,0.07875000000000001,0.19025000000000003,0.2445,618,False,False,False,False,False,False,False,False,True,False,False,False,False,False,False,False,False,False,False,3
-0.02675,0.0007500000000000007,0.04825,0.08075000000000002,0.005000000000000001,868,False,False,False,False,False,False,False,False,False,True,False,False,False,False,False,False,False,True,False,6
-0.0034999999999999996,0.028749999999999998,0.08625,0.07825,0.11675,660,False,False,False,False,True,False,False,False,False,False,False,False,False,False,False,True,False,False,False,1
0.0335,0.11100000000000002,0.0705,0.11400000000000002,0.07075,697,False,False,False,False,False,False,False,False,False,True,False,False,False,False,False,False,True,False,False,1
0.06025,0.16425,0.013249999999999998,0.0045000000000000005,-0.015249999999999996,595,False,False,False,False,False,False,False,False,False,False,True,False,False,False,False,False,True,False,False,3
0.032,0.237,0.0685,0.243,0.1845,667,False,False,False,False,False,True,False,False,False,False,False,False,False,False,False,False,True,False,False,1
0.16825,0.26375000000000004,0.213,0.004749999999999997,-0.015750000000000004,628,False,False,False,False,False,False,False,False,True,False,False,False,False,False,False,False,False,False,False,3
-0.01625,0.097,0.24974999999999997,0.3045,0.44075,733,False,False,False,False,False,False,False,False,False,True,False,False,False,False,False,False,False,True,False,2
0.055249999999999994,0.37725,0.21650000000000003,-0.013750000000000005,-0.037250000000000005,730,False,False,False,False,False,False,False,False,False,True,False,False,False,False,False,False,True,False,False,5
0.08650000000000001,0.22050000000000003,0.020750000000000008,0.02175,0.0019999999999999983,629,False,False,False,False,False,False,False,False,True,False,False,False,False,False,False,False,False,False,False,2
-0.00625,0.00975,0.037750000000000006,0.0052499999999999995,-0.0022499999999999994,1130,False,False,False,False,False,False,False,False,False,True,False,False,True,False,False,False,False,False,False,3
-0.00040000000000000034,0.1015,0.123,0.009999999999999998,-0.003400000000000003,737,False,False,False,False,False,False,False,False,False,True,False,False,False,False,False,False,False,False,True,4
0.0005000000000000004,0.01675,0.05525,0.11150000000000002,0.11325000000000002,634,False,False,False,False,False,False,False,False,True,False,False,False,False,False,False,False,False,False,False,4
-0.018250000000000002,-0.01125,0.018,0.07675,0.34125,685,False,False,False,False,False,False,False,False,False,True,False,False,False,False,False,True,False,False,False,6
-0.00825,0.018500000000000003,0.14,0.15925,0.08525,738,False,False,False,False,False,False,False,False,False,True,False,False,False,False,False,False,False,True,False,4
-0.0126,0.076,-0.028199999999999996,-0.0475,-0.051500000000000004,606,False,False,False,False,False,False,False,False,False,False,False,True,False,False,False,False,False,False,True,3
0.4265,0.52475,0.02725000000000001,0.16425,0.092,583,False,False,False,False,False,False,False,False,False,False,True,False,False,False,False,False,True,False,False,1
-0.0047500000000000025,0.052,0.07750000000000001,0.013999999999999999,-0.004249999999999997,600,False,False,False,False,False,False,False,False,False,False,True,False,False,False,False,False,True,False,False,5
-0.0030000000000000027,0.20125,0.23500000000000004,-0.013249999999999998,-0.03275,730,False,False,False,False,False,False,False,False,False,True,False,False,False,False,False,False,True,False,False,5
0.020999999999999998,0.11475,0.05960000000000001,-0.004200000000000004,-0.016200000000000003,723,False,False,False,False,False,False,False,False,False,True,False,False,False,False,False,False,False,False,True,3
-0.004,-0.0002500000000000002,0.033,0.045500000000000006,0.0425,774,False,False,True,False,False,False,False,False,False,False,False,False,False,False,False,False,False,True,False,5
0.006750000000000001,0.031,0.08499999999999999,0.15600000000000003,0.166,666,False,False,False,False,False,True,False,False,False,False,False,False,False,False,True,False,False,False,False,2
0.015999999999999997,0.10124999999999999,0.089,0.18425000000000002,0.24225000000000002,654,False,False,False,False,False,True,False,False,False,False,False,False,False,False,False,False,True,False,False,1
0.12225000000000001,0.2415,0.021750000000000002,-0.003500000000000003,-0.0225,599,False,False,False,False,False,False,False,False,False,False,True,False,False,False,False,False,True,False,False,1
0.00375,0.00375,0.04025,0.08700000000000001,0.09625000000000002,651,False,False,False,False,False,True,False,False,False,False,False,False,False,False,True,False,False,False,False,4
-0.004,0.018250000000000002,0.08850000000000001,0.18724999999999997,0.2135,700,False,False,False,False,False,False,False,False,False,True,False,False,False,False,False,False,True,False,False,3
-0.011199999999999998,0.09375,0.002799999999999997,-0.04440000000000001,-0.041600000000000005,606,False,False,False,False,False,False,False,False,True,False,False,False,False,False,False,False,False,False,True,5
-0.0017500000000000016,0.1225,0.129,0.12975,0.25225000000000003,649,False,False,False,False,False,True,False,False,False,False,False,False,False,False,True,False,False,False,False,3
-0.004750000000000001,0.005250000000000001,0.043000000000000003,0.059750000000000004,0.04525,826,False,False,True,False,False,False,False,False,False,False,False,False,False,False,True,False,False,False,False,4
0.011750000000000002,0.09250000000000001,0.03975,-0.0335,-0.039,750,False,False,False,False,False,False,False,False,False,True,False,False,False,False,False,True,False,False,False,3
0.48499999999999993,0.45975,0.16675,0.00775,-0.024000000000000004,628,False,False,False,False,False,False,False,False,True,False,False,False,False,False,False,False,False,False,False,6
-0.0012500000000000002,0.0165,0.005750000000000002,-0.0055,-0.00725,1024,False,False,True,False,False,False,False,False,False,False,False,False,False,True,False,False,False,False,False,3
0.006749999999999999,0.028499999999999998,0.1005,0.11050000000000001,0.11450000000000002,666,False,False,False,False,False,True,False,False,False,False,False,False,False,False,True,False,False,False,False,2
0.007500000000000003,0.0802,-0.010799999999999999,-0.0556,-0.015875000000000007,600,False,False,False,False,False,False,False,False,True,False,False,False,False,False,False,False,False,False,True,3
0.0030000000000000027,0.0455,0.065,0.0705,0.09175,652,False,False,False,False,False,True,False,False,False,False,False,False,False,False,True,False,False,False,False,4
0.028249999999999997,0.138,0.10375000000000001,0.11850000000000001,0.08325,813,False,False,True,False,False,False,False,False,False,False,False,False,False,False,True,False,False,False,False,1
0.18275000000000002,0.382,0.247,0.11149999999999999,0.027500000000000007,728,False,False,False,False,False,False,False,False,False,True,False,False,False,False,True,False,False,False,False,3
0.056999999999999995,0.12400000000000001,0.48775,0.08549999999999999,0.3315,1539,False,False,False,True,False,False,False,False,False,False,False,False,False,True,False,False,False,False,False,6
-0.0015000000000000013,0.028749999999999994,0.07700000000000001,0.187,0.18325,669,False,False,False,False,False,False,False,False,True,False,False,False,False,False,False,False,False,True,False,4
-0.024499999999999994,0.0475,0.30174999999999996,0.045249999999999985,0.23324999999999999,907,False,False,False,False,False,False,False,False,False,True,False,False,True,False,False,False,False,False,False,2
0.0955,0.11025,0.11375000000000002,0.12825,0.12325000000000001,708,True,False,False,False,False,False,False,False,False,False,False,False,False,False,False,False,True,False,False,2
0.00875,0.1005,0.28150000000000003,0.22050000000000003,-0.0005000000000000004,623,False,False,False,False,False,False,False,False,True,False,False,False,False,False,False,False,False,False,False,6
0.04,0.1435,0.0016000000000000042,-0.011400000000000004,-0.015199999999999997,587,False,False,False,False,False,False,False,False,False,False,False,True,False,False,False,False,False,False,True,1
0.114,0.051000000000000004,0.1405,0.14875000000000002,0.13,700,False,False,False,False,False,False,False,False,False,True,False,False,False,False,False,False,True,False,False,3
0.004,0.16924999999999998,0.20575,0.05224999999999999,0.018500000000000003,945,False,False,True,False,False,False,False,False,False,False,False,False,False,False,True,False,False,False,False,5
-0.04360000000000001,-0.039599999999999996,0.0003999999999999948,-0.023875,-0.04125,605,False,False,False,False,False,False,False,False,True,False,False,False,False,False,False,False,False,False,True,3
0.0007500000000000007,0.0055,0.016749999999999998,0.0525,0.11125000000000002,672,False,False,False,False,False,False,False,False,False,True,False,False,False,False,False,True,False,False,False,2
0.0017499999999999998,0.10325000000000001,0.10975000000000001,0.02975,-0.005499999999999998,633,False,False,False,False,False,False,False,False,True,False,False,False,False,False,False,False,False,False,False,5
0.03775,0.44025000000000003,0.298,-0.023500000000000007,-0.02275,695,False,False,False,False,False,False,False,False,False,True,False,False,False,False,False,False,True,False,False,5
0.1265,0.533,0.45999999999999996,0.0072500000000000064,-0.040249999999999994,1216,False,False,False,True,False,False,False,False,False,False,False,False,False,False,False,False,False,False,False,3
0.0014999999999999996,0.0205,0.0155,0.01125,0.013000000000000001,939,False,False,True,False,False,False,False,False,False,False,False,False,False,False,False,False,False,False,False,1
-0.0024999999999999953,0.10475000000000001,0.151,-0.024,-0.03225,752,False,False,True,False,False,False,False,False,False,False,False,False,False,False,False,True,False,False,False,1
-0.002749999999999999,0.009500000000000001,0.046250000000000006,0.019249999999999996,-0.0027499999999999955,682,False,False,False,False,False,True,False,False,False,False,False,False,False,False,False,False,False,False,True,5
-0.0017499999999999998,-0.0010000000000000009,0.043750000000000004,0.11550000000000002,0.12625,696,False,False,False,False,False,False,False,False,False,True,False,False,False,False,False,False,False,False,True,2
-0.002999999999999999,0.02625,0.0014999999999999996,-0.0175,-0.01975,621,False,False,False,False,False,False,False,False,True,False,False,False,False,False,False,True,False,False,False,5
-0.025750000000000002,0.018,0.019499999999999997,0.12875000000000003,0.21999999999999997,979,False,False,False,False,False,False,False,False,False,True,False,False,False,True,False,False,False,False,False,4
0.16925,0.20625000000000002,0.037,-0.025750000000000006,-0.021750000000000002,778,False,False,True,False,False,False,False,False,False,False,False,False,False,False,False,False,False,True,False,4
0.00475,0.03475,0.01775,0.002,-0.001749999999999999,770,False,False,True,False,False,False,False,False,False,False,False,False,False,False,False,False,False,True,False,3
0.0007499999999999989,0.11300000000000002,0.068,0.01875000000000001,-0.014500000000000002,719,False,False,False,False,False,False,False,False,False,True,False,False,False,False,True,False,False,False,False,5
-0.002,0.00575,0.0032499999999999994,-0.002,-0.003,1024,False,False,True,False,False,False,False,False,False,False,False,False,False,True,False,False,False,False,False,5
0.003999999999999999,0.009999999999999998,0.01625,0.027500000000000004,0.05525000000000001,658,False,False,False,False,False,True,False,False,False,False,False,False,False,False,True,False,False,False,False,2
0.22149999999999997,0.25725,0.09075000000000001,0.0030000000000000027,0.010000000000000005,696,False,False,False,False,False,False,False,False,False,True,False,False,False,False,False,False,True,False,False,3
0.06324999999999999,0.198,-0.036000000000000004,-0.0524,-0.013249999999999998,593,False,False,False,False,False,False,False,False,False,False,False,True,False,False,False,False,False,False,True,5
-0.030000000000000006,0.0174,-0.005399999999999997,-0.021750000000000002,-0.023000000000000003,599,False,False,False,False,False,False,False,False,True,False,False,False,False,False,False,False,False,False,True,5
-0.035250000000000004,0.01725,0.10375000000000001,0.15275,0.23249999999999998,914,False,False,False,False,False,False,False,False,False,True,False,False,True,False,False,False,False,False,False,6
-0.015499999999999996,0.016249999999999997,0.11725000000000001,0.33275,0.41500000000000004,692,False,False,False,False,False,False,False,False,False,True,False,False,False,False,True,False,False,False,False,2
-0.0005,0.007000000000000001,0.00275,-0.0017500000000000003,-0.00225,1024,False,False,True,False,False,False,False,False,False,False,False,False,False,True,False,False,False,False,False,3
0.0805,0.33725,0.287,0.04325,-0.03400000000000001,1037,False,True,False,False,False,False,False,False,False,False,False,False,False,False,True,False,False,False,False,5
-0.005000000000000001,0.031999999999999994,0.09625,0.15050000000000002,0.17,651,False,False,False,False,False,True,False,False,False,False,False,False,False,False,False,False,False,False,True,2
0.117,0.3478,0.2261666666666667,0.1004,0.035250000000000004,737,False,False,False,False,False,False,False,False,False,True,False,False,False,False,False,False,False,False,True,3
-0.0067500000000000025,0.014999999999999996,0.08549999999999999,0.09725,0.31625000000000003,685,False,False,False,False,False,False,False,False,False,True,False,False,False,False,False,True,False,False,False,2
0.0005000000000000004,0.118,0.22675,0.30325,0.34525,709,False,False,False,False,False,False,False,False,True,False,False,False,False,False,False,False,True,False,False,3
0.10725000000000001,0.24625000000000002,0.05999999999999999,0.042249999999999996,-0.005499999999999998,633,False,False,False,False,False,False,False,False,True,False,False,False,False,False,False,False,False,False,False,5
-0.002749999999999999,0.0017500000000000007,0.009750000000000002,0.023250000000000003,0.0685,721,False,False,False,False,False,False,False,False,False,True,False,False,False,False,False,True,False,False,False,4
-0.016749999999999998,0.018000000000000002,0.029750000000000006,0.03375,0.12925,1073,False,False,False,False,False,False,False,False,False,True,False,False,False,True,False,False,False,False,False,2
-0.0017499999999999946,0.025750000000000002,0.07300000000000001,0.25575000000000003,0.227375,704,False,False,False,False,False,False,False,False,False,False,False,False,False,False,False,False,False,True,False,2
-0.0035000000000000014,0.014750000000000001,0.035500000000000004,0.0075,-0.005249999999999998,665,False,False,False,False,False,True,False,False,False,False,False,False,False,False,False,False,False,False,True,1
0.11550000000000002,0.261,0.207,0.014249999999999995,-0.015,1146,False,True,False,False,False,False,False,False,False,False,False,False,False,False,False,False,False,False,False,1
0.03125,0.11025000000000001,0.088,0.05475,0.1085,670,False,False,False,False,False,True,False,False,False,False,False,False,False,False,False,False,False,False,True,1
0.10900000000000001,0.12025000000000002,0.03575,0.11375000000000002,0.08574999999999999,625,False,False,False,False,False,False,False,False,True,False,False,False,False,False,False,False,False,False,True,5
-0.0025000000000000022,-0.005249999999999998,0.09875,0.20375000000000001,0.19425,672,False,False,False,False,False,False,False,False,True,False,False,False,False,False,False,False,False,False,False,4
-0.0007499999999999989,0.0185,0.056,0.043750000000000004,0.064,1544,False,False,False,True,False,False,False,False,False,False,False,False,False,True,False,False,False,False,False,6
0.00875,0.03325,0.11400000000000002,0.035250000000000004,0.045500000000000006,1563,False,False,False,True,False,False,False,False,False,False,False,False,False,True,False,False,False,False,False,6
0.02225,0.02625,0.0027500000000000007,-0.0055000000000000005,-0.004750000000000001,770,False,False,True,False,False,False,False,False,False,False,False,False,False,False,False,False,False,True,False,2
-0.01225,0.011749999999999997,0.14175000000000001,0.35,0.40149999999999997,671,False,False,False,False,False,False,False,False,True,False,False,False,False,False,False,False,False,True,False,4
0.0027500000000000016,0.026500000000000003,0.035250000000000004,0.0015000000000000005,0.0034999999999999988,696,False,False,False,False,False,False,False,False,False,True,False,False,False,False,True,False,False,False,False,2
0.0072499999999999995,0.071,0.0625,0.01125,-0.0145,719,False,False,False,False,False,False,False,False,False,True,False,False,False,False,True,False,False,False,False,5
-0.006749999999999999,0.017,0.033749999999999995,0.054,0.11200000000000002,940,False,False,False,False,False,False,False,False,False,True,False,False,True,False,False,False,False,False,False,5
-0.005000000000000001,0.0027500000000000007,0.04475,0.11950000000000001,0.12225000000000001,769,False,False,False,False,False,False,False,False,False,True,False,False,False,False,False,False,True,False,False,2
-0.008499999999999999,0.006,0.042749999999999996,0.0,-0.0010000000000000009,823,False,False,False,False,False,False,False,False,False,True,False,False,False,False,False,False,False,True,False,6
-0.0037500000000000016,0.0037500000000000007,0.02375,0.04825,0.064,722,False,False,False,False,False,False,False,False,False,True,False,False,False,False,False,False,True,False,False,2
-0.01825,0.009500000000000001,0.03475,0.04025,0.12425,1120,False,False,False,False,False,False,False,False,False,True,False,False,True,False,False,False,False,False,False,4
0.06075,0.20700000000000002,0.07825,0.03225,-0.021499999999999995,704,False,False,False,False,False,False,False,False,True,False,False,False,False,False,False,False,True,False,False,3
0.0012500000000000002,0.01125,0.05450000000000001,0.07925,0.07525,680,False,False,False,False,False,True,False,False,False,False,False,False,False,False,True,False,False,False,False,4
0.008749999999999994,0.05025,0.30600000000000005,0.209,0.28525,785,False,False,False,False,True,False,False,False,False,False,False,False,True,False,False,False,False,False,False,2
-0.021,0.11900000000000001,0.08775000000000001,0.14525000000000002,0.2605,652,False,False,False,False,False,True,False,False,False,False,False,False,False,False,True,False,False,False,False,4
0.0,0.074,0.148,0.27325,0.28700000000000003,683,True,False,False,False,False,False,False,False,False,False,False,False,False,False,False,False,True,False,False,4
-0.0002500000000000002,0.1935,0.03425,-0.0365,-0.0445,584,False,False,False,False,False,False,False,False,False,False,False,True,False,False,True,False,False,False,False,5
0.04725,0.1985,0.079,0.038000000000000006,0.008999999999999998,654,False,False,False,False,False,True,False,False,False,False,False,False,False,False,False,False,True,False,False,3
0.009000000000000001,0.094,0.14650000000000002,0.21900000000000003,0.22199999999999998,667,False,False,False,False,False,True,False,False,False,False,False,False,False,False,True,False,False,False,False,6
-0.011,0.07250000000000001,0.21875,0.088,-0.0195,1141,False,True,False,False,False,False,False,False,False,False,False,False,False,False,False,False,False,False,False,5
0.024,0.1575,0.17625000000000002,0.035,-0.0255,1216,False,False,False,True,False,False,False,False,False,False,False,False,False,False,False,False,False,False,False,3
0.10850000000000001,0.14800000000000002,0.07875,0.018500000000000003,-0.009500000000000001,918,False,False,True,False,False,False,False,False,False,False,False,False,False,False,True,False,False,False,False,3
-0.00925,0.0067500000000000025,0.0655,0.12175000000000001,0.16225,652,False,False,False,False,False,True,False,False,False,False,False,False,False,False,True,False,False,False,False,6
0.1775,0.46080000000000004,0.0844,0.265,0.089,686,False,False,False,False,False,True,False,False,False,False,False,False,False,False,False,False,False,False,True,4
-0.0015000000000000005,-0.0017500000000000007,0.02075,0.04700000000000001,0.051750000000000004,722,False,False,False,False,False,False,False,False,False,True,False,False,False,False,False,False,True,False,False,2
0.067,0.13125,0.07875,0.060000000000000005,0.051250000000000004,645,False,False,False,False,False,True,False,False,False,False,False,False,False,False,True,False,False,False,False,3
-0.00625,0.007,0.05575000000000001,0.07100000000000001,0.06975,774,False,False,True,False,False,False,False,False,False,False,False,False,False,False,False,False,False,True,False,5
0.007000000000000003,0.16525,0.05299999999999999,-0.0017500000000000016,-0.021,618,False,False,False,False,False,False,False,False,True,False,False,False,False,False,False,False,True,False,False,3
-0.002499999999999997,0.0022500000000000003,0.0325,0.12575,0.13125,653,False,False,False,False,False,False,False,True,False,False,False,False,False,False,True,False,False,False,False,2
0.019,0.15550000000000003,0.12,0.03275,0.0315,697,False,False,False,False,False,False,False,False,False,True,False,False,False,False,False,False,True,False,False,1
-0.0426,0.019799999999999998,-0.021599999999999998,-0.048875,-0.05575,605,False,False,False,False,False,False,False,False,True,False,False,False,False,False,False,False,False,False,True,5
-0.006999999999999999,0.006749999999999999,0.08675,0.13775,0.13125,586,False,False,False,False,False,False,False,False,False,False,True,False,False,False,False,False,True,False,False,1
-0.012500000000000002,-0.009,0.005999999999999997,0.030999999999999996,0.07025,587,False,False,False,False,False,False,False,False,False,False,False,True,False,False,True,False,False,False,False,2
-0.011250000000000001,-0.011500000000000002,0.008,0.031,0.07250000000000001,588,False,False,False,False,False,False,False,False,False,False,False,True,False,False,True,False,False,False,False,2
-0.0052000000000000015,0.1042,0.07400000000000001,0.147125,0.20425,713,False,False,False,False,False,False,False,False,False,True,False,False,False,False,False,False,False,False,True,1
-0.015999999999999997,0.0205,0.0305,0.06575,0.3185,886,False,False,False,False,False,False,False,False,False,True,False,False,False,False,False,False,False,True,False,6
0.10400000000000001,0.46375,0.21399999999999997,0.10225000000000001,-0.0165,636,False,False,False,False,False,False,False,False,True,False,False,False,False,False,False,False,False,False,False,5
0.0105,0.26260000000000006,0.022000000000000002,0.048600000000000004,0.10450000000000001,742,False,False,False,False,False,False,False,False,False,True,False,False,False,False,False,False,False,False,True,1
-0.015500000000000002,0.166,0.13999999999999999,0.004750000000000001,-0.015500000000000002,756,False,False,True,False,False,False,False,False,False,False,False,False,False,False,False,False,False,True,False,5
-0.013999999999999999,0.40780000000000005,0.1622,0.0016000000000000014,0.0505,589,False,False,False,False,False,False,False,False,False,False,False,True,False,False,False,False,False,False,True,6
0.0394,0.195,0.059500000000000004,-0.0648,-0.0466,605,False,False,False,False,False,False,False,False,True,False,False,False,False,False,False,False,False,False,True,3
0.27175,0.35325,0.183,-0.026,0.002999999999999999,632,False,False,False,False,False,False,False,False,True,False,False,False,False,False,False,False,False,False,False,1
-0.0025000000000000022,0.23650000000000004,0.1855,0.009750000000000002,-0.016999999999999998,695,False,False,False,False,False,False,False,False,False,True,False,False,False,False,False,False,True,False,False,5
0.036250000000000004,0.06175,-0.0009999999999999974,-0.007250000000000001,-0.004250000000000002,770,False,False,True,False,False,False,False,False,False,False,False,False,False,False,False,False,False,True,False,3
0.019750000000000004,0.09825000000000002,0.005500000000000001,-0.006499999999999999,-0.007749999999999999,637,False,False,False,False,False,False,False,False,True,False,False,False,False,False,False,False,False,False,False,1
0.35,0.33799999999999997,0.118,0.04249999999999999,0.057999999999999996,701,False,False,False,False,False,False,False,False,True,False,False,False,False,False,False,False,False,True,False,2
-0.0395,-0.020999999999999998,-0.023999999999999997,0.07125,0.20875000000000002,820,False,False,False,False,False,False,False,False,False,True,False,False,False,False,False,False,False,True,False,6
0.010250000000000002,0.1275,0.0675,0.056999999999999995,0.002250000000000002,757,False,False,True,False,False,False,False,False,False,False,False,False,False,False,False,True,False,False,False,1
0.052750000000000005,0.21475000000000002,0.11225000000000002,0.0005000000000000004,-0.02525,793,False,False,True,False,False,False,False,False,False,False,False,False,False,False,False,False,False,True,False,3
0.049249999999999995,0.23049999999999998,0.13225,0.23075,0.20125000000000004,707,False,False,False,False,False,False,False,False,False,True,False,False,False,False,False,False,True,False,False,1
0.044000000000000004,0.15925,0.09250000000000001,0.01475,-0.016750000000000004,773,False,False,True,False,False,False,False,False,False,False,False,False,False,False,True,False,False,False,False,3
-0.004000000000000001,0.004,0.0095,0.027,0.028500000000000004,734,False,False,False,False,False,False,False,False,False,False,False,False,False,False,False,False,False,True,False,6
-0.0182,-0.011,-0.010799999999999999,0.093375,0.29575,686,False,False,False,False,False,True,False,False,False,False,False,False,False,False,False,False,False,False,True,5
-0.012750000000000001,0.016999999999999998,0.1015,0.179,0.108,671,False,False,False,False,False,False,False,False,True,False,False,False,False,False,False,False,False,True,False,4
0.11499999999999999,0.3295,0.259,0.02924999999999999,-0.029249999999999998,953,False,False,True,False,False,False,False,False,False,False,False,False,False,False,True,False,False,False,False,3
0.0695,0.1125,0.042499999999999996,-0.006500000000000002,-0.010000000000000002,939,False,False,True,False,False,False,False,False,False,False,False,False,False,False,False,False,False,False,False,3
-0.0012500000000000011,0.03899999999999999,0.0965,0.17925000000000002,0.271,665,False,False,False,False,False,True,False,False,False,False,False,False,False,False,True,False,False,False,False,2
0.03125,0.03025,0.051250000000000004,0.023,0.029500000000000002,1077,False,False,False,False,False,False,False,False,False,True,False,False,False,True,False,False,False,False,False,1
0.012000000000000002,0.26675,0.27799999999999997,0.17775,0.07100000000000001,1273,False,False,False,True,False,False,False,False,False,False,False,False,False,False,False,False,False,False,False,1
0.01975,0.23425,0.24174999999999996,0.11950000000000001,-0.00399999999999999,701,False,False,False,False,False,False,False,False,False,False,False,False,False,False,False,False,False,True,False,5
0.046,0.1975,0.12,0.044750000000000005,0.0037500000000000033,669,False,False,False,False,False,True,False,False,False,False,False,False,False,False,False,False,True,False,False,3
0.42175,0.48724999999999996,0.41775,0.25025,0.40349999999999997,724,False,False,False,False,False,False,False,False,False,True,False,False,False,False,True,False,False,False,False,4
0.1525,0.283,0.07700000000000001,0.0007499999999999937,-0.015749999999999997,671,False,False,False,False,False,False,False,False,True,False,False,False,False,False,False,False,False,False,False,5
-0.0065,0.026250000000000002,-0.0029999999999999975,-0.018000000000000002,-0.02075,622,False,False,False,False,False,False,False,False,True,False,False,False,False,False,False,True,False,False,False,5
-0.013600000000000001,-0.0042,0.0011999999999999984,-0.017625000000000002,-0.016749999999999998,914,False,True,False,False,False,False,False,False,False,False,False,False,False,False,False,False,False,False,True,5
0.016249999999999997,0.19625,0.07574999999999998,0.034,0.0985,685,False,False,False,False,False,False,False,False,False,True,False,False,False,False,False,True,False,False,False,3
0.0045000000000000005,0.028499999999999998,0.119,0.17775000000000002,0.17124999999999999,627,False,False,False,False,False,False,False,False,True,False,False,False,False,False,False,False,False,False,False,2
-0.0012499999999999994,0.020250000000000004,0.0175,0.007249999999999998,0.018500000000000003,762,False,False,True,False,False,False,False,False,False,False,False,False,False,False,False,False,False,True,False,4
0.09,0.20025,0.1265,0.006499999999999999,0.009000000000000005,726,False,False,False,False,False,False,False,False,False,True,False,False,False,False,False,False,False,True,False,3
0.011250000000000001,0.046400000000000004,0.011399999999999997,-0.011600000000000001,-0.00875,784,False,False,True,False,False,False,False,False,False,False,False,False,False,False,False,False,False,False,True,5
0.007750000000000001,0.010750000000000001,0.03275,0.009999999999999998,0.04825,982,False,False,False,False,False,False,False,False,False,True,False,False,False,True,False,False,False,False,False,4
0.0328,0.16549999999999998,-0.016599999999999997,-0.053200000000000004,-0.05339999999999999,606,False,False,False,False,False,False,False,False,False,False,False,True,False,False,False,False,False,False,True,3
0.19974999999999998,0.25350000000000006,0.13775,0.22800000000000004,0.1345,711,False,False,False,False,False,False,False,False,True,False,False,False,False,False,False,False,True,False,False,1
0.006999999999999999,0.0115,0.12875,0.088,0.0012499999999999976,1063,False,True,False,False,False,False,False,False,False,False,False,False,False,False,True,False,False,False,False,2
0.0,0.03225,0.016999999999999998,-0.00625,-0.0052499999999999995,706,False,False,False,False,False,False,False,False,False,True,False,False,False,False,False,True,False,False,False,5
0.010000000000000004,0.1018,0.0007999999999999952,-0.039,-0.020000000000000004,914,False,True,False,False,False,False,False,False,False,False,False,False,False,False,False,False,False,False,True,5
0.0012499999999999976,-0.0005000000000000004,0.061,0.19724999999999998,0.19,692,False,False,False,False,False,False,False,False,False,True,False,False,False,False,True,False,False,False,False,4
0.04225,0.193,0.0975,-0.010000000000000002,-0.010500000000000006,619,False,False,False,False,False,True,False,False,False,False,False,False,False,False,True,False,False,False,False,1
-0.041999999999999996,0.013,0.091,0.1615,0.34,928,False,False,False,False,False,False,False,False,False,True,False,False,True,False,False,False,False,False,False,2
0.00375,0.005000000000000001,0.018,0.0405,0.0385,635,False,False,False,False,False,False,False,False,True,False,False,False,False,False,False,False,False,False,False,4
0.07375,0.17475000000000002,0.031999999999999994,0.106,0.0915,630,False,False,False,False,False,False,False,False,True,False,False,False,False,False,False,False,False,False,False,1
0.30125,0.4555,0.3155,-0.028750000000000005,0.0005000000000000004,633,False,False,False,False,False,False,False,False,True,False,False,False,False,False,False,False,False,False,False,3
0.002,0.0025000000000000005,0.007500000000000001,0.009500000000000001,0.020499999999999997,985,False,False,False,False,False,False,False,False,False,True,False,False,False,True,False,False,False,False,False,4
-0.005250000000000001,0.010000000000000004,0.12025000000000001,0.14150000000000001,0.16275,701,False,False,False,False,False,False,False,False,True,False,False,False,False,False,False,False,False,True,False,2
-0.0002500000000000002,0.1072,-0.027000000000000003,-0.08180000000000001,-0.034875,605,False,False,False,False,False,False,False,False,True,False,False,False,False,False,False,False,False,False,True,5
0.005,0.012,0.04750000000000001,0.075,0.0855,635,False,False,False,False,False,False,False,False,True,False,False,False,False,False,False,False,False,False,False,5
-0.03425,0.01625,0.03275000000000001,0.08125,0.20550000000000002,1115,False,False,False,False,False,False,False,False,False,True,False,False,True,False,False,False,False,False,False,4
0.018750000000000003,0.13724999999999998,0.134,0.10300000000000001,0.027249999999999996,649,False,False,False,False,False,True,False,False,False,False,False,False,False,False,True,False,False,False,False,5
0.15125,0.29700000000000004,0.09525,0.075,-0.011250000000000003,633,False,False,False,False,False,False,False,False,True,False,False,False,False,False,False,False,False,False,False,5
-0.05,0.005250000000000001,0.09425,0.10775000000000001,0.42525,937,False,False,False,False,False,False,False,False,False,True,False,False,True,False,False,False,False,False,False,2
0.0005000000000000004,0.212,0.15075,0.009500000000000001,-0.007500000000000007,664,False,False,False,False,False,False,True,False,False,False,False,False,False,False,False,False,True,False,False,5
-0.013999999999999995,0.23424999999999999,0.16975,0.0685,0.0755,760,False,False,True,False,False,False,False,False,False,False,False,False,False,False,False,False,False,True,False,4
-0.010500000000000002,0.20825000000000002,0.198,0.028,-0.022,756,False,False,True,False,False,False,False,False,False,False,False,False,False,False,False,False,False,True,False,3
0.05025,0.0475,0.22000000000000003,0.347,0.331,726,False,False,False,False,False,False,False,False,False,True,False,False,False,False,False,False,False,True,False,3
-0.005250000000000001,0.015499999999999996,0.02175,0.13075,0.19774999999999998,655,False,False,False,False,False,True,False,False,False,False,False,False,False,False,False,False,True,False,False,4
0.099,0.23249999999999998,0.16475,0.20550000000000002,0.11,599,False,False,False,False,False,False,False,False,False,False,True,False,False,False,False,False,True,False,False,1
0.043250000000000004,0.046,0.0245,0.03475,0.005999999999999999,963,False,False,True,False,False,False,False,False,False,False,False,False,False,False,False,False,False,False,False,1
0.011999999999999997,0.0616,0.11599999999999999,0.0305,-0.006500000000000002,712,False,False,False,False,False,False,False,False,False,True,False,False,False,False,False,False,False,False,True,3
-0.013749999999999998,0.11775000000000001,0.0285,-0.024750000000000005,-0.03125,673,False,False,False,False,False,False,False,False,False,False,False,True,False,False,False,False,False,False,False,5
0.0012500000000000011,0.07875,0.10875,0.18800000000000003,0.197,657,False,False,False,False,False,True,False,False,False,False,False,False,False,False,False,False,False,False,True,4
0.004000000000000002,0.15450000000000003,0.201,0.1755,0.18975,651,False,False,False,False,False,True,False,False,False,False,False,False,False,False,True,False,False,False,False,4
0.013250000000000001,0.0935,0.034,-0.0037500000000000033,-0.00425,576,False,False,False,False,False,False,False,False,False,False,True,False,False,False,False,False,True,False,False,3
0.017,0.043,0.0345,0.01975,0.0015000000000000013,735,False,False,False,False,False,False,False,False,False,True,False,False,False,False,False,True,False,False,False,4
-0.0017499999999999998,0.035250000000000004,-0.009000000000000005,-0.01175,-0.0175,1008,False,False,False,False,False,False,False,False,False,True,False,False,False,True,False,False,False,False,False,5
0.03025,0.40925,0.252,-0.010499999999999995,-0.0255,756,False,False,True,False,False,False,False,False,False,False,False,False,False,False,False,False,False,True,False,5
0.04625,0.1385,0.01225,-0.002250000000000002,-0.014999999999999998,599,False,False,False,False,False,False,False,False,False,False,True,False,False,False,False,False,True,False,False,3
0.0019999999999999983,0.00020000000000000017,0.1772,0.35,0.318625,737,False,False,False,False,False,False,False,False,False,True,False,False,False,False,False,False,False,False,True,4
0.0055,0.17275,0.17775,0.07024999999999999,-0.003499999999999996,633,False,False,False,False,False,False,False,False,True,False,False,False,False,False,False,False,False,False,False,5
-0.0115,0.016249999999999997,0.02,0.058499999999999996,0.128,937,False,False,False,False,False,False,False,False,False,True,False,False,True,False,False,False,False,False,False,4
-0.01375,0.0025000000000000022,0.2415,0.2655,0.26525,746,False,False,True,False,False,False,False,False,False,False,False,False,False,False,False,False,False,True,False,2
0.20725,0.37725,0.21525000000000002,0.013499999999999998,0.0030000000000000027,690,False,False,False,False,False,False,False,False,False,True,False,False,False,False,False,False,True,False,False,3
-0.006749999999999999,0.01825,0.10925,0.04925,0.005500000000000001,1559,False,False,False,True,False,False,False,False,False,False,False,False,False,True,False,False,False,False,False,6
-0.004750000000000001,0.015250000000000001,0.10775000000000001,0.14300000000000002,0.135,683,True,False,False,False,False,False,False,False,False,False,False,False,False,False,False,False,True,False,False,4
0.13675,0.1815,0.028999999999999998,0.009499999999999998,-0.0105,682,False,False,False,False,False,False,False,False,False,False,False,True,False,False,False,False,True,False,False,5
0.018999999999999996,0.08475,0.013,0.0037500000000000016,-0.010999999999999996,625,False,False,False,False,False,False,False,False,True,False,False,False,False,False,False,False,True,False,False,3
-0.0029999999999999975,0.0002499999999999985,0.085,0.017749999999999995,0.006749999999999996,767,False,False,True,False,False,False,False,False,False,False,False,False,False,False,False,False,False,True,False,6
0.122,0.24875,0.164,0.19925,0.15625,813,False,False,True,False,False,False,False,False,False,False,False,False,False,False,True,False,False,False,False,1
-0.004,0.015999999999999993,0.04475,0.1415,0.1515,671,False,False,False,False,False,True,False,False,False,False,False,False,False,False,False,False,True,False,False,4
0.10800000000000001,0.2345,0.061250000000000006,0.029999999999999992,-0.006999999999999992,595,False,False,False,False,False,False,False,False,False,False,True,False,False,False,False,False,True,False,False,3
0.0055,0.053000000000000005,0.08800000000000001,0.029,0.01175,918,False,False,True,False,False,False,False,False,False,False,False,False,False,False,True,False,False,False,False,3
0.002999999999999999,0.1435,0.02525,-0.0345,-0.03275,585,False,False,False,False,False,False,False,False,False,False,False,True,False,False,True,False,False,False,False,5
0.014250000000000002,0.18625,0.2455,0.0715,-0.0205,1216,False,False,False,True,False,False,False,False,False,False,False,False,False,False,False,False,False,False,False,3
0.0,0.002,0.00425,0.0165,0.04375,720,False,False,False,False,False,False,False,False,False,True,False,False,False,False,False,True,False,False,False,4
0.028499999999999998,0.13549999999999998,0.16499999999999998,0.0755,0.017750000000000002,966,False,True,False,False,False,False,False,False,False,False,False,False,False,False,True,False,False,False,False,3
0.0142,-0.008799999999999999,0.023400000000000004,0.210875,0.3315,737,False,False,False,False,False,False,False,False,False,True,False,False,False,False,False,False,False,False,True,4
-0.0020000000000000005,0.0075,0.0055,-0.002,-0.00375,1024,False,False,True,False,False,False,False,False,False,False,False,False,False,True,False,False,False,False,False,5
0.134,0.22849999999999998,0.09175,0.038250000000000006,-0.0085,626,False,False,False,False,False,False,False,False,True,False,False,False,False,False,False,False,False,False,False,4
-0.0022499999999999985,0.027999999999999997,0.07325000000000001,0.148,0.132,697,False,False,False,False,False,False,False,False,False,True,False,False,False,False,False,False,True,False,False,4
0.0255,0.2935,0.2105,-0.017249999999999995,-0.03900000000000001,913,False,True,False,False,False,False,False,False,False,False,False,False,False,False,False,False,False,False,True,5
-0.010500000000000004,0.02025000000000001,0.10200000000000001,0.19275000000000003,0.18225000000000002,696,False,False,False,False,False,False,False,False,False,True,False,False,False,False,False,False,True,False,False,4
-0.00775,0.003250000000000003,0.0615,0.1625,0.168,609,False,False,False,False,False,False,False,False,False,False,True,False,False,False,False,False,True,False,False,6
-0.0326,-0.0156,-0.007199999999999998,-0.035750000000000004,-0.036,600,False,False,False,False,False,False,False,False,True,False,False,False,False,False,False,False,False,False,True,5
-0.002999999999999999,0.009000000000000001,0.0155,0.0245,0.03975,940,False,False,False,False,False,False,False,False,False,True,False,False,True,False,False,False,False,False,False,5
-0.003749999999999998,0.028,0.00425,-0.008000000000000002,-0.0145,1008,False,False,False,False,False,False,False,False,False,True,False,False,False,True,False,False,False,False,False,3
-0.013,0.049,-0.00425,-0.03325,-0.04674999999999999,610,False,False,False,False,False,False,False,False,False,False,False,True,False,False,False,True,False,False,False,5
0.0065,0.04750000000000001,0.022000000000000002,-0.01075,-0.02,708,False,False,False,False,False,False,False,False,False,True,False,False,False,False,False,True,False,False,False,5
0.02,0.07425000000000001,0.019249999999999996,0.0035000000000000005,-0.002999999999999999,594,False,False,False,False,False,False,False,False,False,False,True,False,False,False,False,False,True,False,False,3
-0.0002500000000000002,0.05,0.10975,0.34875,0.404,644,False,False,False,False,False,True,False,False,False,False,False,False,False,False,True,False,False,False,False,4
0.0065,0.01125,0.013,0.01725,0.01625,770,False,False,True,False,False,False,False,False,False,False,False,False,False,False,False,False,False,True,False,4
-0.0025000000000000005,0.007249999999999999,0.0795,0.06425,0.002749999999999999,1253,False,False,False,True,False,False,False,False,False,False,False,False,False,False,False,False,False,False,False,3
-0.004749999999999999,0.0012499999999999994,0.10625,0.16899999999999998,0.1405,677,False,False,False,False,False,False,False,False,True,False,False,False,False,False,False,False,False,False,False,2
0.07150000000000001,0.08125,0.0002500000000000002,-0.0022500000000000003,-0.012,628,False,False,False,False,False,False,False,False,True,False,False,False,False,False,False,False,False,False,False,3
0.00975,0.0335,0.035,0.010000000000000002,0.002,939,False,False,True,False,False,False,False,False,False,False,False,False,False,False,False,False,False,False,False,3
-0.0398,-0.0338,-0.0012000000000000066,-0.022625,-0.037750000000000006,605,False,False,False,False,False,False,False,False,True,False,False,False,False,False,False,False,False,False,True,3
0.0019999999999999983,0.005249999999999994,0.0,-0.0010000000000000009,0.022250000000000002,696,False,False,False,False,False,False,False,False,False,True,False,False,False,False,False,False,False,False,True,2
0.011250000000000001,0.014750000000000001,0.2385,0.237,0.0405,623,False,False,False,False,False,False,False,False,True,False,False,False,False,False,False,False,False,False,False,6
-0.00775,0.059000000000000004,0.0010000000000000009,-0.019,-0.02525,1012,False,False,False,False,False,False,False,False,False,True,False,False,False,True,False,False,False,False,False,3
0.0014999999999999979,0.12975,0.2825,0.13325,-0.010000000000000009,1275,False,False,False,True,False,False,False,False,False,False,False,False,False,False,False,False,False,False,False,5
0.052750000000000005,0.17975000000000002,0.05499999999999999,-0.0034999999999999996,-0.00875,773,False,False,True,False,False,False,False,False,False,False,False,False,False,False,True,False,False,False,False,3
-0.003250000000000001,0.0025000000000000005,0.052000000000000005,0.11400000000000002,0.11850000000000001,629,False,False,False,False,False,False,False,False,True,False,False,False,False,False,False,False,False,False,False,4
0.39775,0.378,0.31,0.164,0.36525,664,False,False,False,False,False,False,False,False,True,False,False,False,False,False,False,False,False,False,False,3
-0.0125,0.133,0.41674999999999995,0.47975,0.48825,746,False,False,True,False,False,False,False,False,False,False,False,False,False,False,False,False,False,True,False,2
-0.00625,0.01725,0.007499999999999998,-0.006750000000000001,-0.01025,1002,False,False,False,False,False,False,False,False,False,True,False,False,False,True,False,False,False,False,False,3
0.03975,0.038000000000000006,0.032999999999999995,0.0665,0.11725000000000001,1085,False,False,False,False,False,False,False,False,False,True,False,False,False,True,False,False,False,False,False,5
0.42125,0.46950000000000003,0.31825,0.018750000000000003,0.0545,701,False,False,False,False,False,False,False,False,False,False,False,False,False,False,False,False,False,True,False,5
-0.0226,0.05933333333333333,0.0538,0.080625,0.088,687,False,False,False,False,False,True,False,False,False,False,False,False,False,False,False,False,False,False,True,5
0.022999999999999996,0.08424999999999999,-0.010999999999999996,-0.026249999999999996,-0.03475,663,False,False,False,False,False,False,False,False,True,False,False,False,False,False,False,False,False,False,False,3
-0.015500000000000003,0.15575,0.10675,0.005999999999999998,-0.01775,687,False,False,False,False,False,False,False,False,False,False,False,False,False,False,False,False,False,True,False,5
0.023,0.05700000000000001,0.019500000000000003,-0.00825,-0.00775,763,False,False,True,False,False,False,False,False,False,False,False,False,False,False,False,False,False,True,False,3
0.0,0.013800000000000002,0.0029999999999999983,-0.0072499999999999995,-0.0115,784,False,False,True,False,False,False,False,False,False,False,False,False,False,False,False,False,False,False,True,5
-0.013750000000000005,0.06625,-0.007749999999999993,-0.0335,-0.04525,1071,False,False,False,False,False,False,False,False,False,True,False,False,False,True,False,False,False,False,False,4
0.0264,0.09180000000000002,-0.011199999999999998,-0.0019999999999999983,-0.0027500000000000024,587,False,False,False,False,False,False,False,False,False,False,False,True,False,False,False,False,False,False,True,1
0.05675,0.2955,0.17049999999999998,0.023249999999999993,-0.007000000000000006,742,False,False,True,False,False,False,False,False,False,False,False,False,False,False,False,False,False,True,False,3
-0.0002500000000000002,0.020999999999999998,0.0815,0.1835,0.21550000000000002,664,False,False,False,False,False,False,False,False,False,True,False,False,False,False,False,False,False,False,True,4
0.00375,0.20675,0.10325000000000001,-0.031,-0.045000000000000005,819,False,False,False,False,False,False,False,False,False,True,False,False,False,False,False,False,True,False,False,5
-0.0015000000000000005,0.0022500000000000003,0.0165,0.024,0.06575,720,False,False,False,False,False,False,False,False,False,True,False,False,False,False,False,True,False,False,False,2
0.0024999999999999988,0.183,0.15,0.049199999999999994,-0.008875000000000001,687,False,False,False,False,False,True,False,False,False,False,False,False,False,False,False,False,False,False,True,5
0.002499999999999997,0.15975,0.05450000000000001,0.0072499999999999995,-0.014,622,False,False,False,False,False,False,False,False,True,False,False,False,False,False,False,False,True,False,False,3
0.005500000000000002,0.012,0.052000000000000005,0.0205,0.059250000000000004,977,False,False,False,False,False,False,False,False,False,True,False,False,False,True,False,False,False,False,False,2
-0.028600000000000004,0.008200000000000002,-0.020200000000000003,-0.027625,-0.035250000000000004,603,False,False,False,False,False,False,False,False,False,False,False,True,False,False,False,False,False,False,True,3
-0.036000000000000004,0.007999999999999997,-0.0382,-0.047875,-0.05274999999999999,599,False,False,False,False,False,False,False,False,False,False,False,True,False,False,False,False,False,False,True,5
0.0025000000000000022,0.358,0.18525000000000003,0.054000000000000006,-0.015749999999999997,593,False,False,False,False,False,False,False,False,False,False,True,False,False,False,False,False,True,False,False,5
-0.002,0.047,0.0685,0.006500000000000002,-0.009500000000000001,586,False,False,False,False,False,False,False,False,False,False,True,False,False,False,False,False,True,False,False,5
0.03975,0.3320000000000001,0.20074999999999998,-0.025,-0.022999999999999996,704,False,False,False,False,False,False,False,False,True,False,False,False,False,False,False,False,True,False,False,5
-0.0035000000000000014,0.1105,0.1425,0.046,0.022,742,False,False,True,False,False,False,False,False,False,False,False,False,False,False,False,False,False,True,False,3
0.10350000000000001,0.16549999999999998,0.051750000000000004,0.08675000000000001,0.02875,651,False,False,False,False,False,True,False,False,False,False,False,False,False,False,False,False,False,False,True,1
-0.002749999999999999,0.005250000000000001,0.073,0.074,0.10450000000000001,707,False,False,False,False,False,False,False,False,False,True,False,False,False,False,False,True,False,False,False,2
0.28200000000000003,0.43625,0.25475000000000003,0.09225,-0.012499999999999997,624,False,False,False,False,False,False,False,False,True,False,False,False,False,False,False,False,False,False,False,1
-0.005750000000000001,0.01225,0.02325,0.039,0.08375,1094,False,False,False,False,False,False,False,False,False,True,False,False,True,False,False,False,False,False,False,3
0.14125,0.27375,0.09975,0.23700000000000002,0.07075000000000001,595,False,False,False,False,False,False,False,False,False,False,True,False,False,False,False,False,True,False,False,1
0.014500000000000002,0.10300000000000001,-0.033400000000000006,-0.072,-0.044000000000000004,606,False,False,False,False,False,False,False,False,True,False,False,False,False,False,False,False,False,False,True,5
0.02825,0.09225000000000001,0.04725,-0.0005000000000000004,-0.008750000000000003,791,False,False,True,False,False,False,False,False,False,False,False,False,False,False,True,False,False,False,False,3
0.05124999999999999,0.236,0.108,0.03550000000000002,0.013499999999999998,658,False,False,False,False,False,False,True,False,False,False,False,False,False,False,False,False,True,False,False,3
-0.0007500000000000007,0.05425,0.028500000000000004,0.014750000000000003,0.007000000000000003,620,False,False,False,False,False,False,False,False,True,False,False,False,False,False,False,False,False,False,True,1
0.095,0.5295,0.18025000000000002,0.23074999999999998,0.16225,1216,False,False,False,True,False,False,False,False,False,False,False,False,False,False,False,False,False,False,False,3
0.2355,0.5327500000000001,0.04650000000000001,0.08675,0.025250000000000015,1141,False,True,False,False,False,False,False,False,False,False,False,False,False,False,False,False,False,False,False,1
0.11400000000000002,0.2515,0.07675,-0.0037499999999999964,-0.023999999999999994,674,False,False,False,False,False,False,False,False,True,False,False,False,False,False,False,False,False,False,False,1
0.017750000000000002,0.1395,0.08175,0.15275,0.10175000000000001,1146,False,True,False,False,False,False,False,False,False,False,False,False,False,False,False,False,False,False,False,1
0.23825000000000002,0.25325000000000003,0.07025,-0.020499999999999997,-0.02725,767,False,False,True,False,False,False,False,False,False,False,False,False,False,False,False,False,False,True,False,6
0.006000000000000002,0.16875,0.08725,0.3665,0.40549999999999997,608,False,False,False,False,False,False,False,False,False,False,True,False,False,False,False,False,True,False,False,6
-0.009000000000000005,0.005749999999999998,0.0695,0.21599999999999997,0.19024999999999997,740,False,False,False,False,False,False,False,False,False,True,False,False,False,False,True,False,False,False,False,6
-0.0005000000000000004,0.1935,0.092,0.02025,-0.009749999999999998,599,False,False,False,False,False,False,False,False,False,False,True,False,False,False,False,False,True,False,False,5
-0.002,0.014749999999999997,0.03225,0.042,0.04025,762,False,False,True,False,False,False,False,False,False,False,False,False,False,False,False,False,False,True,False,4
0.024600000000000004,0.14025,0.031200000000000006,-0.06020000000000001,-0.037714285714285714,603,False,False,False,False,False,False,False,False,True,False,False,False,False,False,False,False,False,False,True,3
0.005500000000000001,0.08049999999999999,0.17325000000000002,0.34299999999999997,0.3985,657,False,False,False,False,False,True,False,False,False,False,False,False,False,False,False,False,False,False,True,4
-0.005000000000000001,0.14775,0.06325,0.0012499999999999976,-0.017499999999999998,600,False,False,False,False,False,False,False,False,False,False,True,False,False,False,False,False,True,False,False,5
0.026,0.193,0.08275000000000002,-0.024750000000000005,-0.03,629,False,False,False,False,False,False,False,False,True,False,False,False,False,False,False,False,False,False,False,3
-0.0014999999999999996,0.05925,0.24325,0.23399999999999999,0.13625,625,False,False,False,False,False,False,False,False,True,False,False,False,False,False,False,False,False,False,False,6
0.005999999999999998,0.019,0.058600000000000006,0.1752,0.344625,712,False,False,False,False,False,False,False,False,False,True,False,False,False,False,False,False,False,False,True,3
-0.0515,0.00825,0.18650000000000003,0.20975000000000002,0.35450000000000004,891,False,False,False,False,False,False,False,False,False,True,False,False,True,False,False,False,False,False,False,4
-0.015750000000000007,0.07875000000000001,0.16775,0.287,0.30725,756,False,False,True,False,False,False,False,False,False,False,False,False,False,False,False,False,False,True,False,3
0.01025,0.01575,0.055,0.063,0.11250000000000002,667,False,False,False,False,False,True,False,False,False,False,False,False,False,False,True,False,False,False,False,6
0.01075,0.06225,0.06787499999999999,0.17325000000000002,0.210125,713,False,False,False,False,False,False,False,False,False,False,False,False,False,False,False,False,False,True,False,5
-0.002000000000000001,0.034,0.08600000000000001,0.11400000000000002,0.11775000000000002,686,False,False,False,False,False,False,False,False,False,False,False,True,False,False,False,False,True,False,False,2
-0.0198,0.004,0.047400000000000005,-0.026000000000000002,0.006166666666666665,599,False,False,False,False,False,False,False,False,False,False,False,True,False,False,False,False,False,False,True,1
-0.0002500000000000002,0.0055,0.021250000000000005,0.025500000000000002,0.0485,751,False,False,True,False,False,False,False,False,False,False,False,False,False,False,False,True,False,False,False,2
0.10775000000000001,0.20350000000000001,0.11875000000000001,0.18650000000000003,0.10300000000000001,632,False,False,False,False,False,False,False,False,True,False,False,False,False,False,False,False,False,False,False,1
0.003999999999999998,0.0072499999999999995,0.112,0.131,0.12200000000000001,709,False,False,False,False,False,False,False,False,True,False,False,False,False,False,False,False,True,False,False,2
-0.008000000000000002,0.02325,0.09925,0.0095,-0.008749999999999999,1107,False,False,False,False,False,False,False,False,False,True,False,False,True,False,False,False,False,False,False,4
-0.0014999999999999996,0.004750000000000001,0.06525,0.07425,0.0645,677,False,False,False,False,False,False,False,False,False,False,False,True,False,False,False,False,True,False,False,2
0.0378,0.1106,0.0318,0.094125,0.0845,742,False,False,False,False,False,False,False,False,False,True,False,False,False,False,False,False,False,False,True,1
0.0007500000000000002,0.007500000000000001,0.01225,0.0007499999999999998,0.0,742,False,False,False,False,False,False,False,False,False,True,False,False,False,False,False,True,False,False,False,4
0.0005000000000000004,0.0105,0.04975,0.06875,0.07425000000000001,687,True,False,False,False,False,False,False,False,False,False,False,False,False,False,False,False,True,False,False,2
0.02175,0.05475000000000001,0.10225000000000001,0.16675,0.20925,624,False,False,False,False,False,False,False,False,True,False,False,False,False,False,False,False,False,False,False,2
0.0062,-0.007800000000000001,0.0762,0.2935,0.33199999999999996,737,False,False,False,False,False,False,False,False,False,True,False,False,False,False,False,False,False,False,True,4
0.0,0.019750000000000004,0.0505,0.10725000000000001,0.17825000000000002,665,False,False,False,False,False,True,False,False,False,False,False,False,False,False,True,False,False,False,False,6
0.08800000000000001,0.2886,0.127,-0.021200000000000007,-0.021375,724,False,False,False,False,False,False,False,False,False,True,False,False,False,False,False,False,False,False,True,3
-0.010000000000000002,0.06825,0.006749999999999999,-0.025000000000000005,-0.03375,1004,False,False,False,False,False,False,False,False,False,True,False,False,False,True,False,False,False,False,False,5
0.0115,0.019999999999999997,0.14875000000000002,0.2415,0.2545,704,False,False,False,False,False,False,False,False,False,False,False,False,False,False,False,False,False,True,False,2
-0.021,0.011249999999999996,0.027,-0.019000000000000003,-0.028749999999999994,613,False,False,False,False,False,False,False,False,False,False,False,True,False,False,False,True,False,False,False,5
0.07975000000000002,0.0475,0.03925,0.0795,0.08300000000000002,1030,False,False,False,False,False,False,False,False,False,True,False,False,True,False,False,False,False,False,False,4
0.1855,0.37725000000000003,0.11225,-0.024999999999999994,-0.009250000000000005,667,False,False,False,False,False,True,False,False,False,False,False,False,False,False,True,False,False,False,False,3
0.039,0.12225,0.018,0.0017499999999999998,0.01500000000000001,658,False,False,False,False,False,True,False,False,False,False,False,False,False,False,False,False,False,False,True,3
0.040999999999999995,0.24075,0.1455,0.028500000000000004,-0.007750000000000003,698,False,False,False,False,False,False,False,False,False,True,False,False,False,False,False,False,True,False,False,3
-0.008,0.08960000000000001,-0.0168,-0.07366666666666667,-0.027375000000000003,599,False,False,False,False,False,False,False,False,False,False,False,True,False,False,False,False,False,False,True,1
0.004750000000000001,0.01725,0.0075,0.0025,0.0014999999999999996,770,False,False,True,False,False,False,False,False,False,False,False,False,False,False,False,False,False,True,False,2
0.006000000000000002,0.019249999999999996,-0.004250000000000004,-0.009499999999999998,0.009999999999999998,623,False,False,False,False,False,False,False,False,True,False,False,False,False,False,False,False,False,False,False,6
0.034,0.11825000000000001,0.06675,0.0255,0.0014999999999999979,722,False,False,False,False,False,False,False,False,False,True,False,False,False,False,True,False,False,False,False,3
0.023,0.064,0.08975000000000001,0.186,0.1795,707,False,False,False,False,False,False,False,False,False,True,False,False,False,False,False,False,True,False,False,6
-0.0052499999999999995,0.01225,0.10700000000000001,0.07,0.018250000000000002,1571,False,False,False,True,False,False,False,False,False,False,False,False,False,True,False,False,False,False,False,6
0.14125000000000001,0.22475000000000003,0.11875000000000001,0.005000000000000001,-0.0030000000000000027,620,False,False,False,False,False,False,False,False,True,False,False,False,False,False,False,False,False,False,False,3
0.0405,0.096,0.060000000000000005,0.025249999999999998,0.0365,687,True,False,False,False,False,False,False,False,False,False,False,False,False,False,False,False,True,False,False,2
0.008749999999999999,0.025,0.0655,0.10775000000000001,0.15225,626,False,False,False,False,False,False,False,False,True,False,False,False,False,False,False,False,False,False,False,2
-0.00925,-0.011999999999999997,0.0885,0.156,0.15225,664,False,False,False,False,False,False,False,False,True,False,False,False,False,False,False,False,False,False,False,2
0.0015000000000000005,0.00775,0.045000000000000005,0.06375,0.05975000000000001,687,False,False,False,False,False,True,False,False,False,False,False,False,False,False,False,False,True,False,False,2
0.0007500000000000007,0.0095,0.024,0.021,0.060500000000000005,1527,False,False,False,True,False,False,False,False,False,False,False,False,False,True,False,False,False,False,False,6
-0.013000000000000005,-0.026749999999999996,0.011500000000000003,0.1165,0.31525000000000003,655,False,False,False,False,False,True,False,False,False,False,False,False,False,False,False,False,True,False,False,4
0.1525,0.272,0.0705,0.11725000000000001,0.223,659,False,False,False,False,False,True,False,False,False,False,False,False,False,False,False,False,False,False,True,6
-0.019250000000000003,0.03425,0.03875000000000001,0.078,0.21275,1077,False,False,False,False,False,False,False,False,False,True,False,False,False,True,False,False,False,False,False,2
-0.013000000000000001,-0.015400000000000002,0.0484,0.015624999999999997,-0.0002500000000000037,588,False,False,False,False,False,False,False,False,False,False,False,True,False,False,False,False,False,False,True,3
-0.004,0.00375,0.03725,0.0745,0.10450000000000001,707,False,False,False,False,False,False,False,False,False,True,False,False,False,False,False,False,True,False,False,6
0.01125,0.0785,0.026500000000000003,0.0165,-0.006249999999999999,622,False,False,False,False,False,False,False,False,True,False,False,False,False,False,False,False,True,False,False,3
-0.041,-0.033999999999999996,-0.013599999999999998,-0.015375000000000002,-0.037000000000000005,603,False,False,False,False,False,False,False,False,True,False,False,False,False,False,False,False,False,False,True,3
